Country,Year,AHS_Simple_Average
Afghanistan,1988,0.88
Afghanistan,1989,8.64
Afghanistan,1990,17.68
Afghanistan,1991,11.27
Afghanistan,1992,14.84
Afghanistan,1993,11.95
Afghanistan,1994,8.76
Afghanistan,1995,26.24
Afghanistan,1996,9.76
Afghanistan,1997,10.71
Afghanistan,1998,21.27
Afghanistan,1999,13.44
Afghanistan,2000,13.29
Afghanistan,2001,10.86
Afghanistan,2002,12.87
Afghanistan,2003,10.23
Afghanistan,2004,8.87
Afghanistan,2005,9.69
Afghanistan,2006,9.59
Afghanistan,2007,6.38
Afghanistan,2008,7.07
Afghanistan,2009,7.18
Afghanistan,2010,6.83
Afghanistan,2011,7.34
Afghanistan,2012,5.21
Afghanistan,2013,4.92
Afghanistan,2014,6.44
Afghanistan,2015,4.06
Afghanistan,2016,4.81
Afghanistan,2017,3.82
Afghanistan,2018,4.65
Afghanistan,2019,5.05
Afghanistan,2020,4.76
Afghanistan,2021,4.22
Argentina,1988,3.87
Argentina,1989,17.34
Argentina,1990,16.04
Argentina,1991,12.91
Argentina,1992,9.88
Argentina,1993,10.08
Argentina,1994,9.52
Argentina,1995,7.23
Argentina,1996,10.79
Argentina,1997,10.81
Argentina,1998,11.38
Argentina,1999,9.36
Argentina,2000,8.21
Argentina,2001,7.88
Argentina,2002,8.97
Argentina,2003,8.2
Argentina,2004,4.54
Argentina,2005,4.63
Argentina,2006,4.26
Argentina,2007,4.48
Argentina,2008,3.95
Argentina,2009,3.76
Argentina,2010,3.57
Argentina,2011,3.39
Argentina,2012,3.53
Argentina,2013,4.46
Argentina,2014,3.81
Argentina,2015,3.79
Argentina,2016,4.36
Argentina,2017,3.4
Argentina,2018,3.47
Argentina,2019,4.66
Argentina,2020,3.35
Argentina,2021,4.1
Australia,1988,11.83
Australia,1989,12.16
Australia,1990,14.66
Australia,1991,12.5
Australia,1992,12.08
Australia,1993,14.5
Australia,1994,16.02
Australia,1995,11.04
Australia,1996,9.11
Australia,1997,9.96
Australia,1998,9.56
Australia,1999,9.91
Australia,2000,8.03
Australia,2001,8.93
Australia,2002,7.26
Australia,2003,7.78
Australia,2004,7.51
Australia,2005,6.9
Australia,2006,7.24
Australia,2007,6.94
Australia,2008,7.35
Australia,2009,7.74
Australia,2010,7.09
Australia,2011,6.73
Australia,2012,6.39
Australia,2013,6.24
Australia,2014,5.28
Australia,2015,5.56
Australia,2016,6.16
Australia,2017,5.53
Australia,2018,6.4
Australia,2019,6.38
Australia,2020,5.04
Australia,2021,4.82
Austria,1988,6.37
Austria,1989,11.11
Austria,1990,10.36
Austria,1991,12.7
Austria,1992,13.52
Austria,1993,12.6
Austria,1994,13.35
Austria,1995,10.97
Austria,1996,8.91
Austria,1997,8.27
Austria,1998,7.83
Austria,1999,7.97
Austria,2000,9.08
Austria,2001,7.39
Austria,2002,7.51
Austria,2003,7.16
Austria,2004,7.01
Austria,2005,6.66
Austria,2006,6.54
Austria,2007,6.38
Austria,2008,6.22
Austria,2009,5.68
Austria,2010,6
Austria,2011,5.9
Austria,2012,5.47
Austria,2013,5.37
Austria,2014,5.51
Austria,2015,5.49
Austria,2016,5.66
Austria,2017,5.31
Austria,2018,5.64
Austria,2019,6.91
Austria,2020,5.4
Austria,2021,5.28
Bangladesh,1988,3.6
Bangladesh,1989,5.92
Bangladesh,1990,8.09
Bangladesh,1991,6.43
Bangladesh,1992,8.65
Bangladesh,1993,9.28
Bangladesh,1994,3.53
Bangladesh,1995,9.1
Bangladesh,1996,5.11
Bangladesh,1997,8.38
Bangladesh,1998,6.75
Bangladesh,1999,8.34
Bangladesh,2000,6.98
Bangladesh,2001,7.19
Bangladesh,2002,6.95
Bangladesh,2003,7.01
Bangladesh,2004,7.34
Bangladesh,2005,5.91
Bangladesh,2006,5.38
Bangladesh,2007,5.65
Bangladesh,2008,5.28
Bangladesh,2009,4.86
Bangladesh,2010,5.46
Bangladesh,2011,4.91
Bangladesh,2012,4.8
Bangladesh,2013,4.5
Bangladesh,2014,4.29
Bangladesh,2015,3.79
Bangladesh,2016,3.15
Bangladesh,2017,3.05
Bangladesh,2018,3.23
Bangladesh,2019,3.05
Bangladesh,2020,3.11
Bangladesh,2021,3.35
Brazil,1988,5.45
Brazil,1989,5.85
Brazil,1990,8.43
Brazil,1991,7.52
Brazil,1992,8.82
Brazil,1993,9.2
Brazil,1994,8.45
Brazil,1995,7.88
Brazil,1996,9.57
Brazil,1997,10.23
Brazil,1998,10.31
Brazil,1999,8.7
Brazil,2000,7.54
Brazil,2001,7.7
Brazil,2002,8.67
Brazil,2003,8.22
Brazil,2004,5.66
Brazil,2005,5.9
Brazil,2006,5.5
Brazil,2007,5.37
Brazil,2008,5.08
Brazil,2009,4.99
Brazil,2010,5.28
Brazil,2011,4.67
Brazil,2012,4.52
Brazil,2013,4.46
Brazil,2014,5.15
Brazil,2015,4.97
Brazil,2016,5.29
Brazil,2017,4.56
Brazil,2018,4.92
Brazil,2019,4.92
Brazil,2020,5.01
Brazil,2021,5.31
Brunei,1988,7.1
Brunei,1989,4.12
Brunei,1990,6.6
Brunei,1991,5.2
Brunei,1992,4.14
Brunei,1993,8.35
Brunei,1994,3.98
Brunei,1995,4.39
Brunei,1996,4.17
Brunei,1997,5.47
Brunei,1998,5.69
Brunei,1999,6.51
Brunei,2000,5.52
Brunei,2001,5.77
Brunei,2002,4.79
Brunei,2003,4.73
Brunei,2004,5.24
Brunei,2005,5.53
Brunei,2006,4.2
Brunei,2007,4.74
Brunei,2008,5.19
Brunei,2009,4.32
Brunei,2010,3.98
Brunei,2011,5.14
Brunei,2012,3.6
Brunei,2013,5.09
Brunei,2014,2.33
Brunei,2015,3.15
Brunei,2016,4.66
Brunei,2017,5.79
Brunei,2018,6.4
Brunei,2019,2.85
Brunei,2020,3.6
Brunei,2021,3.82
Bulgaria,1988,7.7
Bulgaria,1989,7.62
Bulgaria,1990,11.13
Bulgaria,1991,9.09
Bulgaria,1992,8.29
Bulgaria,1993,8.68
Bulgaria,1994,8.64
Bulgaria,1995,8.49
Bulgaria,1996,8.47
Bulgaria,1997,7.18
Bulgaria,1998,7.72
Bulgaria,1999,7.03
Bulgaria,2000,8.41
Bulgaria,2001,9.87
Bulgaria,2002,7.9
Bulgaria,2003,7
Bulgaria,2004,6.32
Bulgaria,2005,5.98
Bulgaria,2006,5.54
Bulgaria,2007,6.52
Bulgaria,2008,6.63
Bulgaria,2009,4.38
Bulgaria,2010,4.73
Bulgaria,2011,4.57
Bulgaria,2012,5.05
Bulgaria,2013,5.62
Bulgaria,2014,4.44
Bulgaria,2015,4.4
Bulgaria,2016,5.05
Bulgaria,2017,3.14
Bulgaria,2018,3.66
Bulgaria,2019,4.84
Bulgaria,2020,3.95
Bulgaria,2021,3.44
Canada,1988,8.94
Canada,1989,9.09
Canada,1990,9.74
Canada,1991,8.9
Canada,1992,9.47
Canada,1993,10.02
Canada,1994,12.83
Canada,1995,8.1
Canada,1996,8.96
Canada,1997,8.82
Canada,1998,9.57
Canada,1999,8.58
Canada,2000,8.47
Canada,2001,8.39
Canada,2002,7.3
Canada,2003,7.93
Canada,2004,6.52
Canada,2005,6.69
Canada,2006,6.54
Canada,2007,6.8
Canada,2008,6.51
Canada,2009,6.26
Canada,2010,6.74
Canada,2011,6.65
Canada,2012,6.38
Canada,2013,6.69
Canada,2014,5.93
Canada,2015,6.05
Canada,2016,6.43
Canada,2017,5.63
Canada,2018,4.19
Canada,2019,3.98
Canada,2020,4.15
Canada,2021,4
Central African Republic,1988,2.58
Central African Republic,1989,3.86
Central African Republic,1990,2.02
Central African Republic,1991,1.55
Central African Republic,1992,2.51
Central African Republic,1993,8
Central African Republic,1994,3.89
Central African Republic,1995,5.89
Central African Republic,1996,8.71
Central African Republic,1997,5.18
Central African Republic,1998,9.44
Central African Republic,1999,8.35
Central African Republic,2000,6.17
Central African Republic,2001,6.42
Central African Republic,2002,5.89
Central African Republic,2003,5.11
Central African Republic,2004,3.7
Central African Republic,2005,5.72
Central African Republic,2006,5.65
Central African Republic,2007,7.45
Central African Republic,2008,5.05
Central African Republic,2009,4.79
Central African Republic,2010,5.19
Central African Republic,2011,4.6
Central African Republic,2012,4.49
Central African Republic,2013,3.93
Central African Republic,2014,4.11
Central African Republic,2015,4.69
Central African Republic,2016,5.59
Central African Republic,2017,4.1
Central African Republic,2018,5.15
Central African Republic,2019,4.87
Central African Republic,2020,5.52
Central African Republic,2021,4.82
Colombia,1988,2.37
Colombia,1989,6.34
Colombia,1990,7.12
Colombia,1991,6.79
Colombia,1992,12.07
Colombia,1993,8.82
Colombia,1994,9.58
Colombia,1995,7.69
Colombia,1996,9.46
Colombia,1997,9.96
Colombia,1998,9.52
Colombia,1999,9.21
Colombia,2000,9.4
Colombia,2001,8.99
Colombia,2002,7.36
Colombia,2003,7.49
Colombia,2004,6.19
Colombia,2005,6.38
Colombia,2006,3.7
Colombia,2007,3.48
Colombia,2008,3.3
Colombia,2009,2.89
Colombia,2010,5.41
Colombia,2011,3.64
Colombia,2012,3.39
Colombia,2013,3.59
Colombia,2014,1.97
Colombia,2015,2.91
Colombia,2016,3.3
Colombia,2017,1.9
Colombia,2018,2.08
Colombia,2019,1.8
Colombia,2020,2.32
Colombia,2021,2.58
Costa Rica,1988,3.19
Costa Rica,1989,3.92
Costa Rica,1990,5.58
Costa Rica,1991,5.77
Costa Rica,1992,4.88
Costa Rica,1993,5.9
Costa Rica,1994,6.17
Costa Rica,1995,6.98
Costa Rica,1996,8.47
Costa Rica,1997,8.61
Costa Rica,1998,6.65
Costa Rica,1999,6.74
Costa Rica,2000,6.35
Costa Rica,2001,6.54
Costa Rica,2002,4.67
Costa Rica,2003,5.41
Costa Rica,2004,4.14
Costa Rica,2005,6.22
Costa Rica,2006,5.34
Costa Rica,2007,3.42
Costa Rica,2008,3.88
Costa Rica,2009,3.77
Costa Rica,2010,4.56
Costa Rica,2011,4.81
Costa Rica,2012,4.42
Costa Rica,2013,4
Costa Rica,2014,2.22
Costa Rica,2015,2.28
Costa Rica,2016,2.51
Costa Rica,2017,1.86
Costa Rica,2018,1.89
Costa Rica,2019,1.98
Costa Rica,2020,2.39
Costa Rica,2021,2.73
Denmark,1988,4.15
Denmark,1989,9
Denmark,1990,11.96
Denmark,1991,13.12
Denmark,1992,13.12
Denmark,1993,7.72
Denmark,1994,16.89
Denmark,1995,10.39
Denmark,1996,7.84
Denmark,1997,8.96
Denmark,1998,8.57
Denmark,1999,8.7
Denmark,2000,9.68
Denmark,2001,8.32
Denmark,2002,8.65
Denmark,2003,8.31
Denmark,2004,8.4
Denmark,2005,8.41
Denmark,2006,7.73
Denmark,2007,7.89
Denmark,2008,7.34
Denmark,2009,6.92
Denmark,2010,6.76
Denmark,2011,6.75
Denmark,2012,6.71
Denmark,2013,6.45
Denmark,2014,6.24
Denmark,2015,6.27
Denmark,2016,6.37
Denmark,2017,5.61
Denmark,2018,6.23
Denmark,2019,5.93
Denmark,2020,5.76
Denmark,2021,4.76
Dominica,1988,2.71
Dominica,1989,2.77
Dominica,1990,3.4
Dominica,1991,10.63
Dominica,1992,9.08
Dominica,1993,14.96
Dominica,1994,8.25
Dominica,1995,7.6
Dominica,1996,13.99
Dominica,1997,7.89
Dominica,1998,7.38
Dominica,1999,11.66
Dominica,2000,8.3
Dominica,2001,9.85
Dominica,2002,9.43
Dominica,2003,9.89
Dominica,2004,8.51
Dominica,2005,9.25
Dominica,2006,4.83
Dominica,2007,4
Dominica,2008,3.55
Dominica,2009,8.78
Dominica,2010,8.69
Dominica,2011,6.4
Dominica,2012,2.93
Dominica,2013,3.77
Dominica,2014,3.4
Dominica,2015,3.91
Dominica,2016,4.25
Dominica,2017,3.68
Dominica,2018,4.46
Dominica,2019,2.02
Dominica,2020,2.59
Dominica,2021,1.98
Dominican Republic,1988,4.05
Dominican Republic,1989,4.03
Dominican Republic,1990,3.82
Dominican Republic,1991,5.96
Dominican Republic,1992,5.39
Dominican Republic,1993,5.66
Dominican Republic,1994,2.28
Dominican Republic,1995,7.85
Dominican Republic,1996,7.14
Dominican Republic,1997,6.5
Dominican Republic,1998,7.45
Dominican Republic,1999,7.37
Dominican Republic,2000,6.77
Dominican Republic,2001,7.79
Dominican Republic,2002,6.39
Dominican Republic,2003,6.38
Dominican Republic,2004,5.98
Dominican Republic,2005,6.74
Dominican Republic,2006,6.72
Dominican Republic,2007,5.74
Dominican Republic,2008,4.51
Dominican Republic,2009,3.91
Dominican Republic,2010,4.66
Dominican Republic,2011,4.5
Dominican Republic,2012,4.11
Dominican Republic,2013,4.39
Dominican Republic,2014,3.82
Dominican Republic,2015,3.87
Dominican Republic,2016,3.3
Dominican Republic,2017,5.07
Dominican Republic,2018,3.75
Dominican Republic,2019,3.25
Dominican Republic,2020,3.13
Dominican Republic,2021,3.7
East Asia & Pacific,1988,12.17
East Asia & Pacific,1989,14.59
East Asia & Pacific,1990,15.16
East Asia & Pacific,1991,12.35
East Asia & Pacific,1992,13.84
East Asia & Pacific,1993,13.9
East Asia & Pacific,1994,16.69
East Asia & Pacific,1995,11.97
East Asia & Pacific,1996,9.8
East Asia & Pacific,1997,10.27
East Asia & Pacific,1998,10.91
East Asia & Pacific,1999,10.64
East Asia & Pacific,2000,9.07
East Asia & Pacific,2001,8.94
East Asia & Pacific,2002,8.35
East Asia & Pacific,2003,8.29
East Asia & Pacific,2004,7.78
East Asia & Pacific,2005,7.47
East Asia & Pacific,2006,7.2
East Asia & Pacific,2007,6.84
East Asia & Pacific,2008,7.05
East Asia & Pacific,2009,7.07
East Asia & Pacific,2010,6.96
East Asia & Pacific,2011,6.87
East Asia & Pacific,2012,6.43
East Asia & Pacific,2013,6.36
East Asia & Pacific,2014,5.83
East Asia & Pacific,2015,5.98
East Asia & Pacific,2016,6.07
East Asia & Pacific,2017,5.49
East Asia & Pacific,2018,5.93
East Asia & Pacific,2019,6.09
East Asia & Pacific,2020,5.16
East Asia & Pacific,2021,5.32
"Egypt, Arab Rep.",1988,2.42
"Egypt, Arab Rep.",1989,4.65
"Egypt, Arab Rep.",1990,9.04
"Egypt, Arab Rep.",1991,9.28
"Egypt, Arab Rep.",1992,3.67
"Egypt, Arab Rep.",1993,8.27
"Egypt, Arab Rep.",1994,7.99
"Egypt, Arab Rep.",1995,10.83
"Egypt, Arab Rep.",1996,8.21
"Egypt, Arab Rep.",1997,7.1
"Egypt, Arab Rep.",1998,7.27
"Egypt, Arab Rep.",1999,8.82
"Egypt, Arab Rep.",2000,8.3
"Egypt, Arab Rep.",2001,8.99
"Egypt, Arab Rep.",2002,8.18
"Egypt, Arab Rep.",2003,6.57
"Egypt, Arab Rep.",2004,5.45
"Egypt, Arab Rep.",2005,3.08
"Egypt, Arab Rep.",2006,2.92
"Egypt, Arab Rep.",2007,3.25
"Egypt, Arab Rep.",2008,3.92
"Egypt, Arab Rep.",2009,3.41
"Egypt, Arab Rep.",2010,4.4
"Egypt, Arab Rep.",2011,3.99
"Egypt, Arab Rep.",2012,2.99
"Egypt, Arab Rep.",2013,2.62
"Egypt, Arab Rep.",2014,2.33
"Egypt, Arab Rep.",2015,2.42
"Egypt, Arab Rep.",2016,2.42
"Egypt, Arab Rep.",2017,1.91
"Egypt, Arab Rep.",2018,2.86
"Egypt, Arab Rep.",2019,2.8
"Egypt, Arab Rep.",2020,2.41
"Egypt, Arab Rep.",2021,2.69
Europe & Central Asia,1988,8.35
Europe & Central Asia,1989,12.29
Europe & Central Asia,1990,14.14
Europe & Central Asia,1991,12.65
Europe & Central Asia,1992,13.29
Europe & Central Asia,1993,11.35
Europe & Central Asia,1994,12.72
Europe & Central Asia,1995,11.88
Europe & Central Asia,1996,9.1
Europe & Central Asia,1997,9.58
Europe & Central Asia,1998,10.12
Europe & Central Asia,1999,9.98
Europe & Central Asia,2000,10.23
Europe & Central Asia,2001,9.47
Europe & Central Asia,2002,9.02
Europe & Central Asia,2003,8.76
Europe & Central Asia,2004,7.61
Europe & Central Asia,2005,7.56
Europe & Central Asia,2006,7.15
Europe & Central Asia,2007,6.57
Europe & Central Asia,2008,6.6
Europe & Central Asia,2009,6.41
Europe & Central Asia,2010,6.67
Europe & Central Asia,2011,6.73
Europe & Central Asia,2012,5.74
Europe & Central Asia,2013,6.08
Europe & Central Asia,2014,5.11
Europe & Central Asia,2015,5.45
Europe & Central Asia,2016,5.61
Europe & Central Asia,2017,4.69
Europe & Central Asia,2018,5.21
Europe & Central Asia,2019,5.71
Europe & Central Asia,2020,5.05
Europe & Central Asia,2021,4.86
France,1988,8.88
France,1989,13.53
France,1990,15.6
France,1991,13.97
France,1992,15.98
France,1993,14.65
France,1994,15.38
France,1995,14.23
France,1996,10.29
France,1997,11.24
France,1998,11.47
France,1999,11.32
France,2000,12.65
France,2001,11.21
France,2002,11.63
France,2003,11.29
France,2004,9.71
France,2005,9.33
France,2006,9.08
France,2007,8.01
France,2008,8.06
France,2009,7.8
France,2010,8.57
France,2011,8.07
France,2012,7.09
France,2013,7.41
France,2014,6.62
France,2015,6.42
France,2016,6.96
France,2017,5.26
France,2018,6.34
France,2019,7.28
France,2020,6.04
France,2021,5.81
Gabon,1988,0.54
Gabon,1989,9.75
Gabon,1990,1.29
Gabon,1991,1.13
Gabon,1992,1.24
Gabon,1993,2.22
Gabon,1994,1.9
Gabon,1995,2.43
Gabon,1996,3.01
Gabon,1997,6.4
Gabon,1998,2.61
Gabon,1999,13.03
Gabon,2000,13.96
Gabon,2001,11.73
Gabon,2002,7.16
Gabon,2003,10.76
Gabon,2004,8.96
Gabon,2005,10.44
Gabon,2006,9.46
Gabon,2007,6.54
Gabon,2008,7.83
Gabon,2009,6.92
Gabon,2010,5.34
Gabon,2011,3.46
Gabon,2012,5.26
Gabon,2013,5.85
Gabon,2014,6.34
Gabon,2015,6.77
Gabon,2016,7.15
Gabon,2017,6.56
Gabon,2018,6.2
Gabon,2019,6.89
Gabon,2020,6.7
Gabon,2021,7.08
Germany,1988,10.87
Germany,1989,14.66
Germany,1990,14.32
Germany,1991,14.67
Germany,1992,14.58
Germany,1993,12.3
Germany,1994,15.87
Germany,1995,13.08
Germany,1996,9.8
Germany,1997,10.45
Germany,1998,10.57
Germany,1999,10.66
Germany,2000,11.23
Germany,2001,9.62
Germany,2002,10.09
Germany,2003,9.58
Germany,2004,9.01
Germany,2005,8.34
Germany,2006,8.18
Germany,2007,7.53
Germany,2008,7.5
Germany,2009,7.07
Germany,2010,7.24
Germany,2011,7.24
Germany,2012,6.61
Germany,2013,6.84
Germany,2014,6.17
Germany,2015,6.15
Germany,2016,6.66
Germany,2017,5.66
Germany,2018,6.1
Germany,2019,7.06
Germany,2020,6.12
Germany,2021,5.76
Ghana,1988,3.56
Ghana,1989,3.7
Ghana,1990,4.33
Ghana,1991,4.48
Ghana,1992,6.77
Ghana,1993,4.73
Ghana,1994,1.71
Ghana,1995,7.87
Ghana,1996,9.25
Ghana,1997,8.31
Ghana,1998,6.36
Ghana,1999,9.68
Ghana,2000,10.48
Ghana,2001,10.78
Ghana,2002,9.59
Ghana,2003,10.19
Ghana,2004,10.47
Ghana,2005,10.12
Ghana,2006,9.97
Ghana,2007,9.31
Ghana,2008,9.06
Ghana,2009,9.13
Ghana,2010,9.1
Ghana,2011,8.72
Ghana,2012,8.76
Ghana,2013,8.51
Ghana,2014,8.68
Ghana,2015,2.7
Ghana,2016,2.11
Ghana,2017,3.75
Ghana,2018,3.79
Ghana,2019,2.64
Ghana,2020,2.65
Ghana,2021,2.73
Greece,1988,6.74
Greece,1989,9.3
Greece,1990,13.11
Greece,1991,15.95
Greece,1992,12.64
Greece,1993,9.11
Greece,1994,13.04
Greece,1995,15.44
Greece,1996,8.49
Greece,1997,9.22
Greece,1998,7.89
Greece,1999,9.14
Greece,2000,9.03
Greece,2001,7.66
Greece,2002,8.94
Greece,2003,8.54
Greece,2004,7.11
Greece,2005,6.07
Greece,2006,5.3
Greece,2007,6.04
Greece,2008,4.94
Greece,2009,5.13
Greece,2010,5.24
Greece,2011,5.13
Greece,2012,4.31
Greece,2013,5.19
Greece,2014,4.36
Greece,2015,3.9
Greece,2016,4.62
Greece,2017,3.64
Greece,2018,3.89
Greece,2019,5.11
Greece,2020,4.49
Greece,2021,4.46
Greenland,1988,1.87
Greenland,1989,1.59
Greenland,1990,6.55
Greenland,1991,2.44
Greenland,1992,2.29
Greenland,1993,4.94
Greenland,1994,2.45
Greenland,1995,6.49
Greenland,1996,3.85
Greenland,1997,3.43
Greenland,1998,5.48
Greenland,1999,4.7
Greenland,2000,7.12
Greenland,2001,5.32
Greenland,2002,1.84
Greenland,2003,3.84
Greenland,2004,2.32
Greenland,2005,1.92
Greenland,2006,1.96
Greenland,2007,1.25
Greenland,2008,1.97
Greenland,2009,1.37
Greenland,2010,1.64
Greenland,2011,1.45
Greenland,2012,1.2
Greenland,2013,1.32
Greenland,2014,1.38
Greenland,2015,1.48
Greenland,2016,1.75
Greenland,2017,0.27
Greenland,2018,2.82
Greenland,2019,0.76
Greenland,2020,1.22
Greenland,2021,1.08
Guinea,1988,0.63
Guinea,1989,1.81
Guinea,1990,1.33
Guinea,1991,2.21
Guinea,1992,3.3
Guinea,1993,3.1
Guinea,1994,1.34
Guinea,1995,3.82
Guinea,1996,3.84
Guinea,1997,6.45
Guinea,1998,5.23
Guinea,1999,4.3
Guinea,2000,6.27
Guinea,2001,7.6
Guinea,2002,6.93
Guinea,2003,6.65
Guinea,2004,6.38
Guinea,2005,7.51
Guinea,2006,8.25
Guinea,2007,7.22
Guinea,2008,6.99
Guinea,2009,5.74
Guinea,2010,5.9
Guinea,2011,8.26
Guinea,2012,6.1
Guinea,2013,5.73
Guinea,2014,5.22
Guinea,2015,4.51
Guinea,2016,3.11
Guinea,2017,2.16
Guinea,2018,3.32
Guinea,2019,2.19
Guinea,2020,2.57
Guinea,2021,2.19
"Hong Kong, China",1988,14.3
"Hong Kong, China",1989,16.19
"Hong Kong, China",1990,16.07
"Hong Kong, China",1991,13.15
"Hong Kong, China",1992,19.43
"Hong Kong, China",1993,17.78
"Hong Kong, China",1994,21.12
"Hong Kong, China",1995,12.72
"Hong Kong, China",1996,10.8
"Hong Kong, China",1997,10.84
"Hong Kong, China",1998,10.93
"Hong Kong, China",1999,10.93
"Hong Kong, China",2000,9.44
"Hong Kong, China",2001,9.18
"Hong Kong, China",2002,8.31
"Hong Kong, China",2003,8.61
"Hong Kong, China",2004,8.24
"Hong Kong, China",2005,7.67
"Hong Kong, China",2006,7.39
"Hong Kong, China",2007,7.07
"Hong Kong, China",2008,7.09
"Hong Kong, China",2009,7.07
"Hong Kong, China",2010,6.98
"Hong Kong, China",2011,7.07
"Hong Kong, China",2012,6.81
"Hong Kong, China",2013,6.43
"Hong Kong, China",2014,5.75
"Hong Kong, China",2015,6.08
"Hong Kong, China",2016,6.23
"Hong Kong, China",2017,5.79
"Hong Kong, China",2018,6.21
"Hong Kong, China",2019,6.27
"Hong Kong, China",2020,6.21
"Hong Kong, China",2021,5.96
Iceland,1988,5.43
Iceland,1989,7.78
Iceland,1990,8.6
Iceland,1991,7.55
Iceland,1992,7.51
Iceland,1993,8.45
Iceland,1994,7.95
Iceland,1995,9
Iceland,1996,8
Iceland,1997,5.62
Iceland,1998,7.11
Iceland,1999,6.9
Iceland,2000,6.8
Iceland,2001,6.42
Iceland,2002,4.33
Iceland,2003,4.49
Iceland,2004,3.96
Iceland,2005,4.15
Iceland,2006,4.38
Iceland,2007,3.52
Iceland,2008,2.92
Iceland,2009,3.32
Iceland,2010,3.59
Iceland,2011,3.31
Iceland,2012,2.58
Iceland,2013,3.22
Iceland,2014,2.92
Iceland,2015,2.85
Iceland,2016,2.29
Iceland,2017,2.35
Iceland,2018,2.38
Iceland,2019,2.34
Iceland,2020,2.25
Iceland,2021,2.28
India,1988,8.46
India,1989,14.85
India,1990,11.56
India,1991,9.71
India,1992,7.64
India,1993,12.04
India,1994,19.13
India,1995,11.16
India,1996,8.84
India,1997,9.75
India,1998,11.14
India,1999,10.42
India,2000,8.74
India,2001,8.51
India,2002,8.46
India,2003,7.58
India,2004,8.13
India,2005,8.27
India,2006,7.55
India,2007,6.98
India,2008,7.65
India,2009,7.22
India,2010,7.25
India,2011,7.23
India,2012,6.76
India,2013,6.67
India,2014,6.32
India,2015,6.1
India,2016,5.62
India,2017,5.33
India,2018,5.58
India,2019,7.18
India,2020,5.74
India,2021,5.83
Indonesia,1988,11.67
Indonesia,1989,14.84
Indonesia,1990,12
Indonesia,1991,10.55
Indonesia,1992,11.57
Indonesia,1993,13.19
Indonesia,1994,16.01
Indonesia,1995,12.44
Indonesia,1996,9.6
Indonesia,1997,9.39
Indonesia,1998,11
Indonesia,1999,10.86
Indonesia,2000,8.99
Indonesia,2001,8.16
Indonesia,2002,8.11
Indonesia,2003,7.27
Indonesia,2004,8.16
Indonesia,2005,6.26
Indonesia,2006,5.61
Indonesia,2007,5.19
Indonesia,2008,5.64
Indonesia,2009,5.66
Indonesia,2010,5.73
Indonesia,2011,5.51
Indonesia,2012,5.4
Indonesia,2013,5.16
Indonesia,2014,4.39
Indonesia,2015,4.88
Indonesia,2016,4.72
Indonesia,2017,3.72
Indonesia,2018,4.16
Indonesia,2019,5.02
Indonesia,2020,4.25
Indonesia,2021,4.01
Iraq,1988,0.78
Iraq,1989,3.3
Iraq,1990,8.28
Iraq,1991,5.41
Iraq,1992,29.31
Iraq,1993,25.76
Iraq,1994,24.91
Iraq,1995,13.44
Iraq,1996,9.2
Iraq,1997,19.43
Iraq,1998,10.77
Iraq,1999,10.24
Iraq,2000,35.03
Iraq,2001,11.79
Iraq,2002,17
Iraq,2003,15.67
Iraq,2004,10.6
Iraq,2005,6.32
Iraq,2006,8.69
Iraq,2007,5.4
Iraq,2008,9.56
Iraq,2009,7.1
Iraq,2010,6.28
Iraq,2011,9.1
Iraq,2012,5.86
Iraq,2013,6.56
Iraq,2014,4.53
Iraq,2015,4.97
Iraq,2016,5.34
Iraq,2017,7.04
Iraq,2018,7.49
Iraq,2019,9.35
Iraq,2020,8.71
Iraq,2021,5.72
Ireland,1988,5.7
Ireland,1989,10.48
Ireland,1990,10.66
Ireland,1991,11.31
Ireland,1992,11.57
Ireland,1993,8.65
Ireland,1994,14.42
Ireland,1995,10.07
Ireland,1996,8.19
Ireland,1997,9.11
Ireland,1998,8.17
Ireland,1999,9.26
Ireland,2000,8.74
Ireland,2001,8.58
Ireland,2002,8.62
Ireland,2003,8.07
Ireland,2004,6.93
Ireland,2005,6.92
Ireland,2006,6.29
Ireland,2007,6.25
Ireland,2008,6.52
Ireland,2009,6.11
Ireland,2010,6.57
Ireland,2011,6.62
Ireland,2012,6.28
Ireland,2013,6.06
Ireland,2014,5.31
Ireland,2015,5.47
Ireland,2016,6.12
Ireland,2017,5.66
Ireland,2018,5.47
Ireland,2019,6.81
Ireland,2020,4.95
Ireland,2021,3.58
Israel,1988,7.75
Israel,1989,6.5
Israel,1990,8.59
Israel,1991,8.97
Israel,1992,7.04
Israel,1993,8.26
Israel,1994,8.89
Israel,1995,9.34
Israel,1996,6.81
Israel,1997,6.93
Israel,1998,6.66
Israel,1999,7.02
Israel,2000,5.36
Israel,2001,7.88
Israel,2002,6.19
Israel,2003,5.29
Israel,2004,4.17
Israel,2005,4.75
Israel,2006,4.05
Israel,2007,3.92
Israel,2008,3.92
Israel,2009,3.95
Israel,2010,3.67
Israel,2011,3.86
Israel,2012,3.39
Israel,2013,3.39
Israel,2014,3.09
Israel,2015,3.19
Israel,2016,2.78
Israel,2017,2.89
Israel,2018,3.21
Israel,2019,3.23
Israel,2020,2.89
Israel,2021,2.81
Italy,1988,9.24
Italy,1989,14.14
Italy,1990,15.2
Italy,1991,14.65
Italy,1992,16.05
Italy,1993,12.98
Italy,1994,15.71
Italy,1995,13.83
Italy,1996,9.97
Italy,1997,10.45
Italy,1998,10.96
Italy,1999,11.06
Italy,2000,11.7
Italy,2001,9.9
Italy,2002,10.27
Italy,2003,9.95
Italy,2004,8.95
Italy,2005,8.23
Italy,2006,8.17
Italy,2007,7.57
Italy,2008,7.52
Italy,2009,7.33
Italy,2010,7.72
Italy,2011,7.36
Italy,2012,6.59
Italy,2013,6.63
Italy,2014,6.08
Italy,2015,5.98
Italy,2016,6.47
Italy,2017,5.43
Italy,2018,5.91
Italy,2019,6.68
Italy,2020,5.86
Italy,2021,5.53
Japan,1988,13.27
Japan,1989,17.12
Japan,1990,17.33
Japan,1991,15.67
Japan,1992,15.9
Japan,1993,16.81
Japan,1994,20.02
Japan,1995,12.08
Japan,1996,10.17
Japan,1997,10.47
Japan,1998,10.51
Japan,1999,10.63
Japan,2000,9.03
Japan,2001,9.07
Japan,2002,8.33
Japan,2003,8.75
Japan,2004,7.87
Japan,2005,7.61
Japan,2006,7.6
Japan,2007,7.22
Japan,2008,7.08
Japan,2009,6.91
Japan,2010,6.96
Japan,2011,6.67
Japan,2012,6.38
Japan,2013,6.39
Japan,2014,5.8
Japan,2015,5.92
Japan,2016,6.29
Japan,2017,5.51
Japan,2018,5.64
Japan,2019,5.62
Japan,2020,3.74
Japan,2021,3.66
Kenya,1988,3.19
Kenya,1989,5.55
Kenya,1990,4.72
Kenya,1991,5.49
Kenya,1992,4.51
Kenya,1993,17.42
Kenya,1994,8.93
Kenya,1995,14.47
Kenya,1996,4.89
Kenya,1997,16.81
Kenya,1998,4.96
Kenya,1999,12.45
Kenya,2000,7.4
Kenya,2001,6.7
Kenya,2002,7.18
Kenya,2003,4.68
Kenya,2004,5.16
Kenya,2005,3.23
Kenya,2006,4.17
Kenya,2007,3.66
Kenya,2008,2.95
Kenya,2009,3.21
Kenya,2010,3.1
Kenya,2011,2.08
Kenya,2012,2.41
Kenya,2013,1.96
Kenya,2014,1.94
Kenya,2015,2.66
Kenya,2016,2.2
Kenya,2017,4.93
Kenya,2018,3.32
Kenya,2019,2.63
Kenya,2020,2.74
Kenya,2021,3.11
"Korea, Rep.",1988,10.01
"Korea, Rep.",1989,13.81
"Korea, Rep.",1990,14.16
"Korea, Rep.",1991,11.05
"Korea, Rep.",1992,14.03
"Korea, Rep.",1993,14.18
"Korea, Rep.",1994,16.26
"Korea, Rep.",1995,11.16
"Korea, Rep.",1996,9.87
"Korea, Rep.",1997,10.22
"Korea, Rep.",1998,10.51
"Korea, Rep.",1999,10.43
"Korea, Rep.",2000,9.02
"Korea, Rep.",2001,8.91
"Korea, Rep.",2002,8.55
"Korea, Rep.",2003,8.51
"Korea, Rep.",2004,7.84
"Korea, Rep.",2005,7.57
"Korea, Rep.",2006,7.29
"Korea, Rep.",2007,6.98
"Korea, Rep.",2008,6.9
"Korea, Rep.",2009,6.6
"Korea, Rep.",2010,6.58
"Korea, Rep.",2011,5.19
"Korea, Rep.",2012,4.75
"Korea, Rep.",2013,4.38
"Korea, Rep.",2014,4.37
"Korea, Rep.",2015,4.11
"Korea, Rep.",2016,3.84
"Korea, Rep.",2017,3.54
"Korea, Rep.",2018,3.66
"Korea, Rep.",2019,3.68
"Korea, Rep.",2020,3.48
"Korea, Rep.",2021,3.27
Malaysia,1988,8.42
Malaysia,1989,10.45
Malaysia,1990,14.47
Malaysia,1991,11.41
Malaysia,1992,10.32
Malaysia,1993,14.61
Malaysia,1994,15.35
Malaysia,1995,8.91
Malaysia,1996,7.19
Malaysia,1997,7.95
Malaysia,1998,7.74
Malaysia,1999,9.09
Malaysia,2000,7.63
Malaysia,2001,7.03
Malaysia,2002,6.54
Malaysia,2003,6.35
Malaysia,2004,6.08
Malaysia,2005,5.64
Malaysia,2006,5.17
Malaysia,2007,4.94
Malaysia,2008,5.39
Malaysia,2009,5.17
Malaysia,2010,5.37
Malaysia,2011,5.52
Malaysia,2012,4.9
Malaysia,2013,4.61
Malaysia,2014,4
Malaysia,2015,4.41
Malaysia,2016,5
Malaysia,2017,3.79
Malaysia,2018,3.85
Malaysia,2019,3.94
Malaysia,2020,3.61
Malaysia,2021,3.7
Mexico,1988,3.69
Mexico,1989,7.28
Mexico,1990,7.63
Mexico,1991,6.76
Mexico,1992,7.38
Mexico,1993,8.25
Mexico,1994,7.64
Mexico,1995,6.94
Mexico,1996,7.7
Mexico,1997,7.32
Mexico,1998,7.46
Mexico,1999,7.11
Mexico,2000,6.29
Mexico,2001,6.3
Mexico,2002,5.47
Mexico,2003,4.77
Mexico,2004,4
Mexico,2005,4.3
Mexico,2006,4.33
Mexico,2007,4.4
Mexico,2008,3.64
Mexico,2009,3.64
Mexico,2010,3.88
Mexico,2011,3.7
Mexico,2012,3.58
Mexico,2013,3.7
Mexico,2014,3.05
Mexico,2015,3.77
Mexico,2016,4.08
Mexico,2017,3.25
Mexico,2018,3.27
Mexico,2019,2.97
Mexico,2020,3.11
Mexico,2021,3.12
Netherlands,1988,6.99
Netherlands,1989,12.54
Netherlands,1990,14.36
Netherlands,1991,12.97
Netherlands,1992,14.26
Netherlands,1993,10.92
Netherlands,1994,15.53
Netherlands,1995,12.34
Netherlands,1996,9.04
Netherlands,1997,9.34
Netherlands,1998,9.29
Netherlands,1999,9.77
Netherlands,2000,9.92
Netherlands,2001,8.71
Netherlands,2002,8.92
Netherlands,2003,8.67
Netherlands,2004,7.95
Netherlands,2005,7.55
Netherlands,2006,7.57
Netherlands,2007,7.22
Netherlands,2008,7.02
Netherlands,2009,6.89
Netherlands,2010,7.33
Netherlands,2011,7.04
Netherlands,2012,6.42
Netherlands,2013,6.39
Netherlands,2014,5.72
Netherlands,2015,5.79
Netherlands,2016,6.13
Netherlands,2017,5.22
Netherlands,2018,6
Netherlands,2019,7.12
Netherlands,2020,6.01
Netherlands,2021,5.68
New Zealand,1988,9.38
New Zealand,1989,9.48
New Zealand,1990,9.95
New Zealand,1991,8.43
New Zealand,1992,10.8
New Zealand,1993,8.41
New Zealand,1994,13.39
New Zealand,1995,9.9
New Zealand,1996,9.27
New Zealand,1997,9.81
New Zealand,1998,8.27
New Zealand,1999,9.6
New Zealand,2000,7.65
New Zealand,2001,7.84
New Zealand,2002,7.04
New Zealand,2003,7.48
New Zealand,2004,7.07
New Zealand,2005,6.61
New Zealand,2006,8.13
New Zealand,2007,7.07
New Zealand,2008,7.77
New Zealand,2009,7.82
New Zealand,2010,7.03
New Zealand,2011,7.53
New Zealand,2012,7.38
New Zealand,2013,7.57
New Zealand,2014,5.72
New Zealand,2015,6.43
New Zealand,2016,6.4
New Zealand,2017,6.76
New Zealand,2018,7.28
New Zealand,2019,6.98
New Zealand,2020,6.02
New Zealand,2021,5.41
Nigeria,1988,1.48
Nigeria,1989,2.21
Nigeria,1990,1.94
Nigeria,1991,2.92
Nigeria,1992,3.06
Nigeria,1993,4.8
Nigeria,1994,8.05
Nigeria,1995,8.55
Nigeria,1996,6.84
Nigeria,1997,9.97
Nigeria,1998,9.16
Nigeria,1999,9.09
Nigeria,2000,9.75
Nigeria,2001,12.31
Nigeria,2002,11.4
Nigeria,2003,11.54
Nigeria,2004,10.07
Nigeria,2005,10.09
Nigeria,2006,9.72
Nigeria,2007,9.97
Nigeria,2008,9.42
Nigeria,2009,10.09
Nigeria,2010,10.06
Nigeria,2011,9.51
Nigeria,2012,9.49
Nigeria,2013,9.54
Nigeria,2014,9.98
Nigeria,2015,5
Nigeria,2016,3.42
Nigeria,2017,4.83
Nigeria,2018,5.67
Nigeria,2019,5.59
Nigeria,2020,4.07
Nigeria,2021,4.01
North America,1988,11.58
North America,1989,14.43
North America,1990,15.6
North America,1991,13.42
North America,1992,14.49
North America,1993,12.7
North America,1994,13.99
North America,1995,11.74
North America,1996,10.92
North America,1997,10.61
North America,1998,10.69
North America,1999,10.8
North America,2000,9.68
North America,2001,9.4
North America,2002,8.65
North America,2003,8.67
North America,2004,7.57
North America,2005,7.53
North America,2006,7.49
North America,2007,7.28
North America,2008,7.1
North America,2009,7.13
North America,2010,7.63
North America,2011,7.6
North America,2012,7.14
North America,2013,7.72
North America,2014,6.59
North America,2015,7.1
North America,2016,7.47
North America,2017,6.19
North America,2018,6.36
North America,2019,6.55
North America,2020,5.86
North America,2021,6.45
Norway,1988,5.27
Norway,1989,6.82
Norway,1990,9.01
Norway,1991,8.22
Norway,1992,8.57
Norway,1993,9.05
Norway,1994,9.23
Norway,1995,8.69
Norway,1996,6.97
Norway,1997,5.13
Norway,1998,6.5
Norway,1999,6.71
Norway,2000,6.04
Norway,2001,6.81
Norway,2002,3.71
Norway,2003,3.52
Norway,2004,3.4
Norway,2005,3.54
Norway,2006,3.7
Norway,2007,3.63
Norway,2008,3.52
Norway,2009,3.5
Norway,2010,3.55
Norway,2011,3.51
Norway,2012,2.84
Norway,2013,3.03
Norway,2014,2.71
Norway,2015,2.65
Norway,2016,2.87
Norway,2017,2.36
Norway,2018,2.7
Norway,2019,2.82
Norway,2020,2.21
Norway,2021,2.91
Pakistan,1988,5.54
Pakistan,1989,17.9
Pakistan,1990,13.25
Pakistan,1991,8.71
Pakistan,1992,6.65
Pakistan,1993,11.57
Pakistan,1994,18.31
Pakistan,1995,10.82
Pakistan,1996,9.8
Pakistan,1997,10.12
Pakistan,1998,11.76
Pakistan,1999,11.28
Pakistan,2000,10.27
Pakistan,2001,9.84
Pakistan,2002,7.59
Pakistan,2003,6.71
Pakistan,2004,6.46
Pakistan,2005,7.26
Pakistan,2006,7.38
Pakistan,2007,6.63
Pakistan,2008,6.75
Pakistan,2009,6.7
Pakistan,2010,6.72
Pakistan,2011,6.67
Pakistan,2012,6.24
Pakistan,2013,6.35
Pakistan,2014,4.81
Pakistan,2015,4.98
Pakistan,2016,4.39
Pakistan,2017,4.33
Pakistan,2018,4.76
Pakistan,2019,4.68
Pakistan,2020,4.51
Pakistan,2021,4.55
Papua New Guinea,1988,5.86
Papua New Guinea,1989,5.07
Papua New Guinea,1990,4.12
Papua New Guinea,1991,20.13
Papua New Guinea,1992,5.47
Papua New Guinea,1993,8.66
Papua New Guinea,1994,3.51
Papua New Guinea,1995,8.36
Papua New Guinea,1996,7.23
Papua New Guinea,1997,6.49
Papua New Guinea,1998,5.63
Papua New Guinea,1999,6.4
Papua New Guinea,2000,5.72
Papua New Guinea,2001,6.18
Papua New Guinea,2002,6.31
Papua New Guinea,2003,6.3
Papua New Guinea,2004,4.79
Papua New Guinea,2005,4.74
Papua New Guinea,2006,7.68
Papua New Guinea,2007,5.98
Papua New Guinea,2008,7.13
Papua New Guinea,2009,6.01
Papua New Guinea,2010,4.57
Papua New Guinea,2011,4.55
Papua New Guinea,2012,4.85
Papua New Guinea,2013,5.57
Papua New Guinea,2014,2.31
Papua New Guinea,2015,2.86
Papua New Guinea,2016,1.99
Papua New Guinea,2017,2.85
Papua New Guinea,2018,5.53
Papua New Guinea,2019,5.93
Papua New Guinea,2020,3.03
Papua New Guinea,2021,4.12
Philippines,1988,5.64
Philippines,1989,7.89
Philippines,1990,8.25
Philippines,1991,8.85
Philippines,1992,7.68
Philippines,1993,10.98
Philippines,1994,9.62
Philippines,1995,7.94
Philippines,1996,7.24
Philippines,1997,7.92
Philippines,1998,7.73
Philippines,1999,8.96
Philippines,2000,7.13
Philippines,2001,6.83
Philippines,2002,6.23
Philippines,2003,6.09
Philippines,2004,5.82
Philippines,2005,5.61
Philippines,2006,4.88
Philippines,2007,4.7
Philippines,2008,5.25
Philippines,2009,4.91
Philippines,2010,4.41
Philippines,2011,4.87
Philippines,2012,4.77
Philippines,2013,4.95
Philippines,2014,3.39
Philippines,2015,3.37
Philippines,2016,3.64
Philippines,2017,3.03
Philippines,2018,3.27
Philippines,2019,3.88
Philippines,2020,3.23
Philippines,2021,3.02
Portugal,1988,5.93
Portugal,1989,10.36
Portugal,1990,12.21
Portugal,1991,14.58
Portugal,1992,12.34
Portugal,1993,12.13
Portugal,1994,15.5
Portugal,1995,12.47
Portugal,1996,8.96
Portugal,1997,10.29
Portugal,1998,9.92
Portugal,1999,9.8
Portugal,2000,11.59
Portugal,2001,10.94
Portugal,2002,10.24
Portugal,2003,11.12
Portugal,2004,8.59
Portugal,2005,8.51
Portugal,2006,8.26
Portugal,2007,8.62
Portugal,2008,8.27
Portugal,2009,7.98
Portugal,2010,8.83
Portugal,2011,8.17
Portugal,2012,7.31
Portugal,2013,7.71
Portugal,2014,7.43
Portugal,2015,7.51
Portugal,2016,7.72
Portugal,2017,6.38
Portugal,2018,7.48
Portugal,2019,7.95
Portugal,2020,7.22
Portugal,2021,6.48
Qatar,1988,1.24
Qatar,1989,1.68
Qatar,1990,6.51
Qatar,1991,3.01
Qatar,1992,4.03
Qatar,1993,6.58
Qatar,1994,6.64
Qatar,1995,10.34
Qatar,1996,5.49
Qatar,1997,4.93
Qatar,1998,9.27
Qatar,1999,10.81
Qatar,2000,13.01
Qatar,2001,9.8
Qatar,2002,13.75
Qatar,2003,8.16
Qatar,2004,6.71
Qatar,2005,3.85
Qatar,2006,5.6
Qatar,2007,4.74
Qatar,2008,5.36
Qatar,2009,4.75
Qatar,2010,7.28
Qatar,2011,6.66
Qatar,2012,4.44
Qatar,2013,4.86
Qatar,2014,4.55
Qatar,2015,4.9
Qatar,2016,5.44
Qatar,2017,5.19
Qatar,2018,5.71
Qatar,2019,4.03
Qatar,2020,4.32
Qatar,2021,4.58
Romania,1988,8.31
Romania,1989,8.38
Romania,1990,12.31
Romania,1991,9.03
Romania,1992,9.17
Romania,1993,8.85
Romania,1994,8.82
Romania,1995,8.84
Romania,1996,8.22
Romania,1997,5.08
Romania,1998,8.14
Romania,1999,7.04
Romania,2000,8.27
Romania,2001,8.21
Romania,2002,7.87
Romania,2003,7.31
Romania,2004,6.75
Romania,2005,7.85
Romania,2006,5.3
Romania,2007,6.19
Romania,2008,6.39
Romania,2009,5.45
Romania,2010,5.83
Romania,2011,5.56
Romania,2012,5.65
Romania,2013,5.93
Romania,2014,4.82
Romania,2015,5.18
Romania,2016,4.98
Romania,2017,4
Romania,2018,4.24
Romania,2019,5.37
Romania,2020,3.95
Romania,2021,3.62
Singapore,1988,13.59
Singapore,1989,21.85
Singapore,1990,19.61
Singapore,1991,12.98
Singapore,1992,15.35
Singapore,1993,15.34
Singapore,1994,22.96
Singapore,1995,14.82
Singapore,1996,10.73
Singapore,1997,11.14
Singapore,1998,12.35
Singapore,1999,12.04
Singapore,2000,10.05
Singapore,2001,9.27
Singapore,2002,8.04
Singapore,2003,7.81
Singapore,2004,7.97
Singapore,2005,6.94
Singapore,2006,6.41
Singapore,2007,5.58
Singapore,2008,6.28
Singapore,2009,5.87
Singapore,2010,5.65
Singapore,2011,6.49
Singapore,2012,5.72
Singapore,2013,5.81
Singapore,2014,3.89
Singapore,2015,4.75
Singapore,2016,5.07
Singapore,2017,3.79
Singapore,2018,4.22
Singapore,2019,4.87
Singapore,2020,3.51
Singapore,2021,3.02
Spain,1988,7.88
Spain,1989,12.15
Spain,1990,13.32
Spain,1991,13.28
Spain,1992,13.63
Spain,1993,14.8
Spain,1994,13.32
Spain,1995,12.47
Spain,1996,9.55
Spain,1997,11.06
Spain,1998,10.97
Spain,1999,10.7
Spain,2000,12.23
Spain,2001,10.77
Spain,2002,11.18
Spain,2003,10.88
Spain,2004,8.77
Spain,2005,8.51
Spain,2006,8.12
Spain,2007,7.66
Spain,2008,7.72
Spain,2009,7.26
Spain,2010,8.34
Spain,2011,7.88
Spain,2012,6.65
Spain,2013,7.07
Spain,2014,5.77
Spain,2015,6.09
Spain,2016,6.44
Spain,2017,5.5
Spain,2018,5.59
Spain,2019,6.6
Spain,2020,5.73
Spain,2021,5.45
Suriname,1988,2.84
Suriname,1989,4.82
Suriname,1990,2.35
Suriname,1991,4.86
Suriname,1992,4.99
Suriname,1993,7.89
Suriname,1994,3.19
Suriname,1995,5.08
Suriname,1996,6.12
Suriname,1997,5.17
Suriname,1998,6.16
Suriname,1999,7.25
Suriname,2000,7.57
Suriname,2001,8.82
Suriname,2002,7.91
Suriname,2003,7.45
Suriname,2004,5.86
Suriname,2005,6.91
Suriname,2006,5.7
Suriname,2007,4.91
Suriname,2008,4.8
Suriname,2009,6.1
Suriname,2010,4.45
Suriname,2011,3.54
Suriname,2012,2.22
Suriname,2013,2.16
Suriname,2014,3.26
Suriname,2015,3.35
Suriname,2016,1.62
Suriname,2017,1.52
Suriname,2018,2.33
Suriname,2019,2.84
Suriname,2020,2.51
Suriname,2021,2.79
Sweden,1988,6.76
Sweden,1989,12.59
Sweden,1990,12.81
Sweden,1991,12.56
Sweden,1992,13.72
Sweden,1993,9.14
Sweden,1994,15
Sweden,1995,10.88
Sweden,1996,8.03
Sweden,1997,9.12
Sweden,1998,9.16
Sweden,1999,9.46
Sweden,2000,10.24
Sweden,2001,9.34
Sweden,2002,9.24
Sweden,2003,9.43
Sweden,2004,10.34
Sweden,2005,9.29
Sweden,2006,9.11
Sweden,2007,8.87
Sweden,2008,7.38
Sweden,2009,7.61
Sweden,2010,7.53
Sweden,2011,7.81
Sweden,2012,7.43
Sweden,2013,7.45
Sweden,2014,6.82
Sweden,2015,6.59
Sweden,2016,6.77
Sweden,2017,6.07
Sweden,2018,7.24
Sweden,2019,6.42
Sweden,2020,6.21
Sweden,2021,5.6
Switzerland,1988,8.86
Switzerland,1989,11.47
Switzerland,1990,13.58
Switzerland,1991,11.82
Switzerland,1992,11.32
Switzerland,1993,11.06
Switzerland,1994,11.44
Switzerland,1995,10.65
Switzerland,1996,8.19
Switzerland,1997,8.59
Switzerland,1998,9.12
Switzerland,1999,10.6
Switzerland,2000,6.58
Switzerland,2001,8.33
Switzerland,2002,6.12
Switzerland,2003,6.47
Switzerland,2004,5.54
Switzerland,2005,5.23
Switzerland,2006,4.83
Switzerland,2007,4.8
Switzerland,2008,4.83
Switzerland,2009,4.72
Switzerland,2010,4.9
Switzerland,2011,4.76
Switzerland,2012,4.25
Switzerland,2013,4.29
Switzerland,2014,3.74
Switzerland,2015,3.76
Switzerland,2016,3.76
Switzerland,2017,3.32
Switzerland,2018,3.44
Switzerland,2019,3.82
Switzerland,2020,2.89
Switzerland,2021,3.73
Syrian Arab Republic,1988,1.69
Syrian Arab Republic,1989,6.27
Syrian Arab Republic,1990,6.15
Syrian Arab Republic,1991,11.03
Syrian Arab Republic,1992,3.37
Syrian Arab Republic,1993,7.35
Syrian Arab Republic,1994,9.01
Syrian Arab Republic,1995,10.34
Syrian Arab Republic,1996,9.35
Syrian Arab Republic,1997,12.79
Syrian Arab Republic,1998,13.96
Syrian Arab Republic,1999,12.06
Syrian Arab Republic,2000,12.67
Syrian Arab Republic,2001,12.34
Syrian Arab Republic,2002,15.1
Syrian Arab Republic,2003,8.93
Syrian Arab Republic,2004,6.33
Syrian Arab Republic,2005,3.38
Syrian Arab Republic,2006,3.62
Syrian Arab Republic,2007,3.36
Syrian Arab Republic,2008,4.57
Syrian Arab Republic,2009,2.83
Syrian Arab Republic,2010,5.19
Syrian Arab Republic,2011,5.19
Syrian Arab Republic,2012,3.96
Syrian Arab Republic,2013,4.22
Syrian Arab Republic,2014,2.44
Syrian Arab Republic,2015,1.93
Syrian Arab Republic,2016,2.25
Syrian Arab Republic,2017,2.44
Syrian Arab Republic,2018,2.78
Syrian Arab Republic,2019,2.63
Syrian Arab Republic,2020,1.87
Syrian Arab Republic,2021,3.09
Thailand,1988,9.91
Thailand,1989,11.94
Thailand,1990,13.39
Thailand,1991,9.22
Thailand,1992,11.24
Thailand,1993,12.15
Thailand,1994,17.21
Thailand,1995,10.51
Thailand,1996,8.79
Thailand,1997,8.81
Thailand,1998,9.7
Thailand,1999,9.82
Thailand,2000,9.01
Thailand,2001,8.67
Thailand,2002,7.89
Thailand,2003,7.47
Thailand,2004,7.59
Thailand,2005,7.18
Thailand,2006,6.22
Thailand,2007,5.81
Thailand,2008,6.3
Thailand,2009,5.87
Thailand,2010,6.17
Thailand,2011,6.63
Thailand,2012,5.84
Thailand,2013,5.5
Thailand,2014,4.99
Thailand,2015,5.42
Thailand,2016,5.43
Thailand,2017,4.43
Thailand,2018,4.85
Thailand,2019,5.38
Thailand,2020,4.52
Thailand,2021,4.68
Turkey,1988,6.61
Turkey,1989,8
Turkey,1990,9.72
Turkey,1991,9.08
Turkey,1992,9
Turkey,1993,8.83
Turkey,1994,8.32
Turkey,1995,12.45
Turkey,1996,6.59
Turkey,1997,8.48
Turkey,1998,10.64
Turkey,1999,9.08
Turkey,2000,7.74
Turkey,2001,9.58
Turkey,2002,7.31
Turkey,2003,6.41
Turkey,2004,4.92
Turkey,2005,5.48
Turkey,2006,5.06
Turkey,2007,4.5
Turkey,2008,4.9
Turkey,2009,5.6
Turkey,2010,4.7
Turkey,2011,4.95
Turkey,2012,4.39
Turkey,2013,4.37
Turkey,2014,4
Turkey,2015,3.9
Turkey,2016,3.74
Turkey,2017,3.69
Turkey,2018,4.11
Turkey,2019,4.89
Turkey,2020,4.42
Turkey,2021,4.4
United Arab Emirates,1988,6.69
United Arab Emirates,1989,8.62
United Arab Emirates,1990,14.52
United Arab Emirates,1991,5.7
United Arab Emirates,1992,9.62
United Arab Emirates,1993,15.16
United Arab Emirates,1994,12.08
United Arab Emirates,1995,23.84
United Arab Emirates,1996,13.08
United Arab Emirates,1997,12.69
United Arab Emirates,1998,18.56
United Arab Emirates,1999,15.97
United Arab Emirates,2000,14.35
United Arab Emirates,2001,12.54
United Arab Emirates,2002,13.32
United Arab Emirates,2003,11.32
United Arab Emirates,2004,9.92
United Arab Emirates,2005,8.12
United Arab Emirates,2006,8.08
United Arab Emirates,2007,7.55
United Arab Emirates,2008,8.52
United Arab Emirates,2009,7.45
United Arab Emirates,2010,8.71
United Arab Emirates,2011,8.91
United Arab Emirates,2012,6.98
United Arab Emirates,2013,6.95
United Arab Emirates,2014,6.44
United Arab Emirates,2015,6.62
United Arab Emirates,2016,6.45
United Arab Emirates,2017,4.61
United Arab Emirates,2018,6.42
United Arab Emirates,2019,7.32
United Arab Emirates,2020,6.3
United Arab Emirates,2021,7.11
United Kingdom,1988,10.5
United Kingdom,1989,14.48
United Kingdom,1990,15.72
United Kingdom,1991,14.05
United Kingdom,1992,15.21
United Kingdom,1993,12.31
United Kingdom,1994,17.97
United Kingdom,1995,13.41
United Kingdom,1996,10.4
United Kingdom,1997,10.29
United Kingdom,1998,10.93
United Kingdom,1999,10.85
United Kingdom,2000,11.17
United Kingdom,2001,10.19
United Kingdom,2002,10.09
United Kingdom,2003,9.91
United Kingdom,2004,8.98
United Kingdom,2005,8.27
United Kingdom,2006,8.08
United Kingdom,2007,8.04
United Kingdom,2008,7.65
United Kingdom,2009,7.63
United Kingdom,2010,7.73
United Kingdom,2011,7.55
United Kingdom,2012,7.3
United Kingdom,2013,7.32
United Kingdom,2014,6.2
United Kingdom,2015,6.34
United Kingdom,2016,6.59
United Kingdom,2017,5.28
United Kingdom,2018,6.5
United Kingdom,2019,7.08
United Kingdom,2020,5.99
United Kingdom,2021,3.74
United States,1988,12.08
United States,1989,16.06
United States,1990,17.6
United States,1991,15.1
United States,1992,15.85
United States,1993,13.34
United States,1994,14.36
United States,1995,12.49
United States,1996,11.35
United States,1997,10.95
United States,1998,10.89
United States,1999,11.27
United States,2000,9.94
United States,2001,9.64
United States,2002,9.01
United States,2003,8.85
United States,2004,7.82
United States,2005,7.75
United States,2006,7.72
United States,2007,7.41
United States,2008,7.23
United States,2009,7.28
United States,2010,7.83
United States,2011,7.78
United States,2012,7.27
United States,2013,7.91
United States,2014,6.71
United States,2015,7.31
United States,2016,7.69
United States,2017,6.31
United States,2018,7.01
United States,2019,7.24
United States,2020,6.39
United States,2021,7.07
Vietnam,1988,6.58
Vietnam,1989,13.8
Vietnam,1990,21.63
Vietnam,1991,8.67
Vietnam,1992,13.39
Vietnam,1993,10.73
Vietnam,1994,9.46
Vietnam,1995,10.22
Vietnam,1996,8.77
Vietnam,1997,8.68
Vietnam,1998,9.6
Vietnam,1999,9.97
Vietnam,2000,8.33
Vietnam,2001,8.06
Vietnam,2002,7.54
Vietnam,2003,6.82
Vietnam,2004,6.21
Vietnam,2005,5.98
Vietnam,2006,5.49
Vietnam,2007,5.28
Vietnam,2008,5.8
Vietnam,2009,5.35
Vietnam,2010,5.81
Vietnam,2011,5.86
Vietnam,2012,5.43
Vietnam,2013,5.58
Vietnam,2014,4.06
Vietnam,2015,4.23
Vietnam,2016,5.16
Vietnam,2017,3.63
Vietnam,2018,3.88
Vietnam,2019,4.08
Vietnam,2020,3.1
Vietnam,2021,3.05
Yemen,1988,9.85
Yemen,1989,8
Yemen,1990,13.19
Yemen,1991,2.07
Yemen,1992,4.51
Yemen,1993,8.59
Yemen,1994,8.75
Yemen,1995,20.85
Yemen,1996,6.1
Yemen,1997,6.58
Yemen,1998,18.14
Yemen,1999,17.48
Yemen,2000,12.13
Yemen,2001,12.24
Yemen,2002,17.22
Yemen,2003,8.61
Yemen,2004,8.04
Yemen,2005,7.41
Yemen,2006,11.23
Yemen,2007,2.75
Yemen,2008,7.68
Yemen,2009,8.39
Yemen,2010,8.34
Yemen,2011,9.54
Yemen,2012,7.72
Yemen,2013,4.37
Yemen,2014,7.53
Yemen,2015,2.52
Yemen,2016,1.95
Yemen,2017,1.81
Yemen,2018,2.6
Yemen,2019,2.09
Yemen,2020,3.01
Yemen,2021,2.37
Zimbabwe,1988,2.09
Zimbabwe,1989,2.95
Zimbabwe,1990,10.23
Zimbabwe,1991,10.63
Zimbabwe,1992,3.5
Zimbabwe,1993,17.02
Zimbabwe,1994,14.78
Zimbabwe,1995,5.6
Zimbabwe,1996,7.91
Zimbabwe,1997,12.15
Zimbabwe,1998,2.44
Zimbabwe,1999,7.58
Zimbabwe,2000,7.86
Zimbabwe,2001,9.95
Zimbabwe,2002,8.17
Zimbabwe,2003,5.75
Zimbabwe,2004,6.87
Zimbabwe,2005,2.37
Zimbabwe,2006,4.76
Zimbabwe,2007,4.83
Zimbabwe,2008,2.46
Zimbabwe,2009,3.04
Zimbabwe,2010,1.53
Zimbabwe,2011,1.86
Zimbabwe,2012,1.97
Zimbabwe,2013,1.54
Zimbabwe,2014,1.7
Zimbabwe,2015,1.59
Zimbabwe,2016,0.7
Zimbabwe,2017,1.61
Zimbabwe,2018,0.97
Zimbabwe,2019,1.32
Zimbabwe,2020,1.05
Zimbabwe,2021,1.73